<?xml version="1.0" encoding="UTF-8"?>
<beans:beans xmlns="http://www.springframework.org/schema/security"
	xmlns:mvc="http://www.springframework.org/schema/mvc" xmlns:context="http://www.springframework.org/schema/context"
	xmlns:xsi="http://www.w3.org/2001/XMLSchema-instance" xmlns:tx="http://www.springframework.org/schema/tx"
	xmlns:security="http://www.springframework.org/schema/security"
	xmlns:beans="http://www.springframework.org/schema/beans"
	xsi:schemaLocation="http://www.springframework.org/schema/beans
http://www.springframework.org/schema/beans/spring-beans.xsd
http://www.springframework.org/schema/mvc
http://www.springframework.org/schema/mvc/spring-mvc.xsd
http://www.springframework.org/schema/context
http://www.springframework.org/schema/context/spring-context.xsd
http://www.springframework.org/schema/security
http://www.springframework.org/schema/security/spring-security.xsd">

	<security:http auto-config="true" use-expressions="true">

		<security:intercept-url pattern="/AdminHome"
			access="hasRole('ROLE_ADMIN')" />
		<security:intercept-url pattern="/DisplayProduct"
			access="hasRole('ROLE_USER')" />

		<security:form-login login-page="/Login"
			default-target-url="/" login-processing-url="/perform_login"
			authentication-failure-url="/Login"
			authentication-success-forward-url="/loginsuccess" />

		<security:logout logout-url="/perform_logout"
			invalidate-session="true" logout-success-url="/Login" />

		<security:csrf disabled="true" />

	</security:http>

	<security:authentication-manager>
		<security:authentication-provider>

			<security:jdbc-user-service
				data-source-ref="dataSource"
				users-by-username-query="select custName,pass,enabled from UserCredential where custName=?"
				authorities-by-username-query="select custName, role from UserCredential where custName =?" />
		</security:authentication-provider>
	</security:authentication-manager>

</beans:beans>
